"image","num_frontal_faces"
"/home/james/Pictures/2015-vacation/james/19691231_191719.jpg","0"
"/home/james/Pictures/2015-vacation/james/20150921_095752.jpg","2"
"/home/james/Pictures/2015-vacation/james/20150922_073459.jpg","0"
"/home/james/Pictures/2015-vacation/james/20150912_124838(1).jpg","0"
"/home/james/Pictures/2015-vacation/james/20150913_101347.jpg","0"
"/home/james/Pictures/2015-vacation/james/20150908_090627(1).jpg","7"
"/home/james/Pictures/2015-vacation/james/20150916_224704.jpg","0"
"/home/james/Pictures/2015-vacation/james/20150908_075101.jpg","0"
"/home/james/Pictures/2015-vacation/james/20150922_025552.jpg","0"
"/home/james/Pictures/2015-vacation/james/20150908_081450.jpg","0"
"/home/james/Pictures/2015-vacation/james/20150912_101526(1).jpg","0"
"/home/james/Pictures/2015-vacation/james/20150908_121105.jpg","7"
"/home/james/Pictures/2015-vacation/james/20150912_103127.jpg","0"
"/home/james/Pictures/2015-vacation/james/20150912_102137.jpg","0"
"/home/james/Pictures/2015-vacation/james/20150912_133703.jpg","0"
"/home/james/Pictures/2015-vacation/james/20150910_160540.jpg","0"
"/home/james/Pictures/2015-vacation/james/20150911_064705.jpg","1"
"/home/james/Pictures/2015-vacation/james/20150911_070825.jpg","0"
"/home/james/Pictures/2015-vacation/james/20150913_054813.jpg","0"
"/home/james/Pictures/2015-vacation/james/20150908_121919.jpg","1"
"/home/james/Pictures/2015-vacation/james/20150910_153830.jpg","0"
"/home/james/Pictures/2015-vacation/james/20150912_082422.jpg","2"
"/home/james/Pictures/2015-vacation/james/20150922_001406(1).jpg","1"
"/home/james/Pictures/2015-vacation/james/20150922_031238.jpg","0"
"/home/james/Pictures/2015-vacation/james/20150918_084411.jpg","0"
"/home/james/Pictures/2015-vacation/james/20150923_010931.jpg","0"
"/home/james/Pictures/2015-vacation/james/20150916_080006.jpg","0"
"/home/james/Pictures/2015-vacation/james/20150916_013851.jpg","0"
"/home/james/Pictures/2015-vacation/james/20150912_081647.jpg","0"
"/home/james/Pictures/2015-vacation/james/20150911_050427.jpg","0"
"/home/james/Pictures/2015-vacation/james/20150909_101350.jpg","0"
"/home/james/Pictures/2015-vacation/james/20150912_041640.jpg","0"
"/home/james/Pictures/2015-vacation/james/20150921_095249.jpg","3"
"/home/james/Pictures/2015-vacation/james/20150912_113307(1).jpg","0"
"/home/james/Pictures/2015-vacation/james/20150921_095246.jpg","4"
"/home/james/Pictures/2015-vacation/james/20150912_094438.jpg","1"
"/home/james/Pictures/2015-vacation/james/20150922_085341.jpg","0"
"/home/james/Pictures/2015-vacation/james/20150914_051601.jpg","0"
"/home/james/Pictures/2015-vacation/james/20150911_055518.jpg","1"
"/home/james/Pictures/2015-vacation/james/20150909_055534.jpg","0"
"/home/james/Pictures/2015-vacation/james/20150916_075620.jpg","0"
"/home/james/Pictures/2015-vacation/james/20150910_171406.jpg","0"
"/home/james/Pictures/2015-vacation/james/20150912_132606.jpg","0"
"/home/james/Pictures/2015-vacation/james/20150911_045437.jpg","1"
"/home/james/Pictures/2015-vacation/james/20150922_031244.jpg","0"
"/home/james/Pictures/2015-vacation/james/20150908_093849.jpg","0"
"/home/james/Pictures/2015-vacation/james/20150908_090522.jpg","0"
"/home/james/Pictures/2015-vacation/james/20150914_063226.jpg","0"
"/home/james/Pictures/2015-vacation/james/20150911_074809(1).jpg","0"
"/home/james/Pictures/2015-vacation/james/20150922_030659.jpg","0"
"/home/james/Pictures/2015-vacation/james/20150917_052902.jpg","0"
"/home/james/Pictures/2015-vacation/james/20150909_055720.jpg","0"
"/home/james/Pictures/2015-vacation/james/20150914_051512.jpg","1"
"/home/james/Pictures/2015-vacation/james/20150912_024810.jpg","0"
"/home/james/Pictures/2015-vacation/james/20150909_122651.jpg","0"
"/home/james/Pictures/2015-vacation/james/20150923_012524.jpg","0"
"/home/james/Pictures/2015-vacation/james/20150908_101535.jpg","0"
"/home/james/Pictures/2015-vacation/james/20150924_030146(1).jpg","0"
"/home/james/Pictures/2015-vacation/james/20150910_155039.jpg","0"
"/home/james/Pictures/2015-vacation/james/20150912_131016.jpg","0"
"/home/james/Pictures/2015-vacation/james/20150909_101248.jpg","0"
"/home/james/Pictures/2015-vacation/james/20150912_093854.jpg","0"
"/home/james/Pictures/2015-vacation/james/20150918_082823.jpg","0"
"/home/james/Pictures/2015-vacation/james/20150915_032436.jpg","0"
"/home/james/Pictures/2015-vacation/james/20150909_122112.jpg","0"
"/home/james/Pictures/2015-vacation/james/20150912_094436.jpg","1"
"/home/james/Pictures/2015-vacation/james/20150912_121443.jpg","2"
"/home/james/Pictures/2015-vacation/james/20150912_085247.jpg","0"
"/home/james/Pictures/2015-vacation/james/20150909_101346.jpg","0"
"/home/james/Pictures/2015-vacation/james/20150913_082520.jpg","0"
"/home/james/Pictures/2015-vacation/james/20150912_101557.jpg","0"
"/home/james/Pictures/2015-vacation/james/20150913_104811.jpg","0"
"/home/james/Pictures/2015-vacation/james/20150916_000335.jpg","0"
"/home/james/Pictures/2015-vacation/james/20150921_033254.jpg","0"
"/home/james/Pictures/2015-vacation/james/20150912_115716.jpg","0"
"/home/james/Pictures/2015-vacation/james/20150914_060356.jpg","2"
"/home/james/Pictures/2015-vacation/james/20150912_103421.jpg","0"
"/home/james/Pictures/2015-vacation/james/20150913_112053.jpg","3"
"/home/james/Pictures/2015-vacation/james/20150922_001414.jpg","1"
"/home/james/Pictures/2015-vacation/james/20150923_024813.jpg","1"
"/home/james/Pictures/2015-vacation/james/20150912_092404(1).jpg","0"
"/home/james/Pictures/2015-vacation/james/20150914_075641.jpg","0"
"/home/james/Pictures/2015-vacation/james/20150908_102847.jpg","0"
"/home/james/Pictures/2015-vacation/james/20150921_092344.jpg","2"
"/home/james/Pictures/2015-vacation/james/20150912_083453.jpg","0"
"/home/james/Pictures/2015-vacation/james/20150917_224003.jpg","0"
"/home/james/Pictures/2015-vacation/james/20150910_173647.jpg","0"
"/home/james/Pictures/2015-vacation/james/20150912_061425.jpg","0"
"/home/james/Pictures/2015-vacation/james/20150913_101348.jpg","0"
"/home/james/Pictures/2015-vacation/james/20150924_055318.jpg","0"
"/home/james/Pictures/2015-vacation/james/20150913_093454.jpg","0"
"/home/james/Pictures/2015-vacation/james/20150918_040350.jpg","0"
"/home/james/Pictures/2015-vacation/james/20150907_170558.jpg","0"
"/home/james/Pictures/2015-vacation/james/20150910_172004.jpg","0"
"/home/james/Pictures/2015-vacation/james/20150921_025635.jpg","0"
"/home/james/Pictures/2015-vacation/james/20150923_113954.jpg","0"
"/home/james/Pictures/2015-vacation/james/20150918_050548.jpg","0"
"/home/james/Pictures/2015-vacation/james/20150912_081652.jpg","0"
"/home/james/Pictures/2015-vacation/james/20150919_031318.jpg","0"
"/home/james/Pictures/2015-vacation/james/20150912_024953.jpg","2"
"/home/james/Pictures/2015-vacation/james/20150912_094559.jpg","0"
"/home/james/Pictures/2015-vacation/james/20150909_101135.jpg","0"
"/home/james/Pictures/2015-vacation/james/20150912_101553.jpg","0"
"/home/james/Pictures/2015-vacation/james/20150915_235648.jpg","0"
"/home/james/Pictures/2015-vacation/james/20150911_070822.jpg","1"
"/home/james/Pictures/2015-vacation/james/20150915_054213.jpg","0"
"/home/james/Pictures/2015-vacation/james/20150922_053607(1).jpg","0"
"/home/james/Pictures/2015-vacation/james/20150916_080946.jpg","0"
"/home/james/Pictures/2015-vacation/james/20150910_173648.jpg","0"
"/home/james/Pictures/2015-vacation/james/20150911_064702.jpg","1"
"/home/james/Pictures/2015-vacation/james/20150911_055517.jpg","1"
"/home/james/Pictures/2015-vacation/james/20150923_013437.jpg","0"
"/home/james/Pictures/2015-vacation/james/20150912_113033.jpg","0"
"/home/james/Pictures/2015-vacation/james/20150919_032219.jpg","0"
"/home/james/Pictures/2015-vacation/james/20150923_105036.jpg","0"
"/home/james/Pictures/2015-vacation/james/20150923_014109.jpg","0"
"/home/james/Pictures/2015-vacation/james/20150911_154444.jpg","0"
"/home/james/Pictures/2015-vacation/james/20150921_095254.jpg","3"
"/home/james/Pictures/2015-vacation/james/20150910_155043.jpg","0"
"/home/james/Pictures/2015-vacation/james/20150912_102313.jpg","1"
"/home/james/Pictures/2015-vacation/james/20150920_034746(1).jpg","12"
"/home/james/Pictures/2015-vacation/james/20150911_071355.jpg","2"
"/home/james/Pictures/2015-vacation/james/20150910_163408.jpg","0"
"/home/james/Pictures/2015-vacation/james/20150921_083207.jpg","0"
"/home/james/Pictures/2015-vacation/james/20150909_061433.jpg","0"
"/home/james/Pictures/2015-vacation/james/20150914_073526.jpg","0"
"/home/james/Pictures/2015-vacation/james/20150908_085632.jpg","0"
"/home/james/Pictures/2015-vacation/james/20150912_033035.jpg","0"
"/home/james/Pictures/2015-vacation/james/20150908_043130.jpg","0"
"/home/james/Pictures/2015-vacation/james/20150912_124705.jpg","0"
"/home/james/Pictures/2015-vacation/james/20150908_092115.jpg","0"
"/home/james/Pictures/2015-vacation/james/20150920_083910.jpg","0"
"/home/james/Pictures/2015-vacation/james/20150912_103427.jpg","1"
"/home/james/Pictures/2015-vacation/james/20150910_163312.jpg","2"
"/home/james/Pictures/2015-vacation/james/20150916_074610.jpg","0"
"/home/james/Pictures/2015-vacation/james/20150909_102023.jpg","0"
"/home/james/Pictures/2015-vacation/james/20150908_065839.jpg","0"
"/home/james/Pictures/2015-vacation/james/20150922_074214.jpg","0"
"/home/james/Pictures/2015-vacation/james/20150912_090241.jpg","0"
"/home/james/Pictures/2015-vacation/james/20150912_084718.jpg","0"
"/home/james/Pictures/2015-vacation/james/20150913_111653.jpg","0"
"/home/james/Pictures/2015-vacation/james/20150925_134355.jpg","0"
"/home/james/Pictures/2015-vacation/james/20150908_085947.jpg","0"
"/home/james/Pictures/2015-vacation/james/20150908_120822.jpg","0"
"/home/james/Pictures/2015-vacation/james/20150925_145620.jpg","0"
"/home/james/Pictures/2015-vacation/james/20150924_030859.jpg","0"
"/home/james/Pictures/2015-vacation/james/20150920_021828.jpg","0"
"/home/james/Pictures/2015-vacation/james/20150910_171413.jpg","0"
"/home/james/Pictures/2015-vacation/james/20150906_121348.jpg","1"
"/home/james/Pictures/2015-vacation/james/20150914_063101.jpg","0"
"/home/james/Pictures/2015-vacation/james/20150922_025558.jpg","0"
"/home/james/Pictures/2015-vacation/james/20150911_060331.jpg","0"
"/home/james/Pictures/2015-vacation/james/20150913_041533.jpg","0"
"/home/james/Pictures/2015-vacation/james/20150913_092827.jpg","1"
"/home/james/Pictures/2015-vacation/james/20150912_053144.jpg","0"
"/home/james/Pictures/2015-vacation/james/20150912_084828.jpg","1"
"/home/james/Pictures/2015-vacation/james/20150916_035649.jpg","0"
"/home/james/Pictures/2015-vacation/james/20150909_064500.jpg","0"
"/home/james/Pictures/2015-vacation/james/20150918_093529.jpg","2"
"/home/james/Pictures/2015-vacation/james/20150909_123423.jpg","2"
"/home/james/Pictures/2015-vacation/james/20150912_084833.jpg","2"
"/home/james/Pictures/2015-vacation/james/20150920_021944.jpg","0"
"/home/james/Pictures/2015-vacation/james/20150923_094516.jpg","2"
"/home/james/Pictures/2015-vacation/james/20150912_082422(1).jpg","2"
"/home/james/Pictures/2015-vacation/james/20150910_045122.jpg","0"
"/home/james/Pictures/2015-vacation/james/20150912_084714.jpg","0"
"/home/james/Pictures/2015-vacation/james/20150908_090139.jpg","0"
"/home/james/Pictures/2015-vacation/james/20150922_025004.jpg","0"
"/home/james/Pictures/2015-vacation/james/20150909_121413.jpg","0"
"/home/james/Pictures/2015-vacation/james/20150917_130652(1).jpg","0"
"/home/james/Pictures/2015-vacation/james/20150908_120533.jpg","3"
"/home/james/Pictures/2015-vacation/james/20150912_061621.jpg","1"
"/home/james/Pictures/2015-vacation/james/20150914_071327.jpg","6"
"/home/james/Pictures/2015-vacation/james/20150917_172440.jpg","2"
"/home/james/Pictures/2015-vacation/james/20150909_120207.jpg","0"
"/home/james/Pictures/2015-vacation/james/20150923_044041.jpg","0"
"/home/james/Pictures/2015-vacation/james/20150910_061139.jpg","0"
"/home/james/Pictures/2015-vacation/james/20150922_031242.jpg","0"
"/home/james/Pictures/2015-vacation/james/20150912_094131.jpg","0"
"/home/james/Pictures/2015-vacation/james/20150908_092114.jpg","0"
"/home/james/Pictures/2015-vacation/james/20150923_074819.jpg","0"
"/home/james/Pictures/2015-vacation/james/20150912_083340.jpg","2"
"/home/james/Pictures/2015-vacation/james/20150913_125818.jpg","0"
"/home/james/Pictures/2015-vacation/james/20150914_052022.jpg","0"
"/home/james/Pictures/2015-vacation/james/20150922_030833.jpg","0"
"/home/james/Pictures/2015-vacation/james/20150908_090009.jpg","4"
"/home/james/Pictures/2015-vacation/james/20150914_044133(1).jpg","0"
"/home/james/Pictures/2015-vacation/james/20150910_155717.jpg","0"
"/home/james/Pictures/2015-vacation/james/20150917_045759(1).jpg","0"
"/home/james/Pictures/2015-vacation/james/20150919_020356.jpg","0"
"/home/james/Pictures/2015-vacation/james/20150912_113032.jpg","0"
"/home/james/Pictures/2015-vacation/james/20150912_085200.jpg","2"
"/home/james/Pictures/2015-vacation/james/20150910_040801.jpg","0"
"/home/james/Pictures/2015-vacation/james/20150925_125751.jpg","0"
"/home/james/Pictures/2015-vacation/james/20150907_132523.jpg","0"
"/home/james/Pictures/2015-vacation/james/20150912_085159.jpg","1"
"/home/james/Pictures/2015-vacation/james/20150913_044828.jpg","0"
"/home/james/Pictures/2015-vacation/james/20150912_103126.jpg","0"
"/home/james/Pictures/2015-vacation/james/20150923_013716.jpg","0"
"/home/james/Pictures/2015-vacation/james/20150916_105037.jpg","1"
"/home/james/Pictures/2015-vacation/james/20150912_120838.jpg","0"
"/home/james/Pictures/2015-vacation/james/20150923_094910(1).jpg","7"
"/home/james/Pictures/2015-vacation/james/20150908_090517.jpg","0"
"/home/james/Pictures/2015-vacation/james/20150917_051323.jpg","0"
"/home/james/Pictures/2015-vacation/james/20150912_061327.jpg","0"
"/home/james/Pictures/2015-vacation/james/20150917_052601.jpg","0"
"/home/james/Pictures/2015-vacation/james/20150914_063538.jpg","0"
"/home/james/Pictures/2015-vacation/james/20150909_065240.jpg","0"
"/home/james/Pictures/2015-vacation/james/20150911_060535(1).jpg","0"
"/home/james/Pictures/2015-vacation/james/20150917_000529.jpg","0"
"/home/james/Pictures/2015-vacation/james/20150922_025531.jpg","0"
"/home/james/Pictures/2015-vacation/james/20150908_082545.jpg","0"
"/home/james/Pictures/2015-vacation/james/20150908_093845.jpg","0"
"/home/james/Pictures/2015-vacation/james/20150920_085236.jpg","0"
"/home/james/Pictures/2015-vacation/james/20150911_070842.jpg","0"
"/home/james/Pictures/2015-vacation/james/20150912_090859(1).jpg","0"
"/home/james/Pictures/2015-vacation/james/20150909_120749.jpg","0"
"/home/james/Pictures/2015-vacation/james/20150910_095645.jpg","0"
"/home/james/Pictures/2015-vacation/james/20150914_051923.jpg","0"
"/home/james/Pictures/2015-vacation/james/20150910_050240(1).jpg","7"
"/home/james/Pictures/2015-vacation/james/20150910_162736.jpg","1"
"/home/james/Pictures/2015-vacation/james/20150925_150818.jpg","0"
"/home/james/Pictures/2015-vacation/james/20150910_163151.jpg","0"
"/home/james/Pictures/2015-vacation/james/20150922_082532.jpg","0"
"/home/james/Pictures/2015-vacation/james/20150921_085211.jpg","0"
"/home/james/Pictures/2015-vacation/james/20150916_080949.jpg","0"
"/home/james/Pictures/2015-vacation/james/20150918_050356.jpg","0"
"/home/james/Pictures/2015-vacation/james/20150916_044443.jpg","1"
"/home/james/Pictures/2015-vacation/james/20150912_113340.jpg","0"
"/home/james/Pictures/2015-vacation/james/20150911_154443(1).jpg","0"
"/home/james/Pictures/2015-vacation/james/20150922_033847.jpg","0"
"/home/james/Pictures/2015-vacation/james/20150914_051900.jpg","0"
"/home/james/Pictures/2015-vacation/james/20150912_100514.jpg","0"
"/home/james/Pictures/2015-vacation/james/20150912_030159.jpg","0"
"/home/james/Pictures/2015-vacation/james/20150911_074810.jpg","0"
"/home/james/Pictures/2015-vacation/james/20150908_102859.jpg","0"
"/home/james/Pictures/2015-vacation/james/20150908_074245.jpg","0"
"/home/james/Pictures/2015-vacation/james/20150910_175708.jpg","0"
"/home/james/Pictures/2015-vacation/james/20150924_024753.jpg","0"
"/home/james/Pictures/2015-vacation/james/20150908_090721.jpg","0"
"/home/james/Pictures/2015-vacation/james/20150919_030157.jpg","0"
"/home/james/Pictures/2015-vacation/james/20150923_011858.jpg","0"
"/home/james/Pictures/2015-vacation/james/20150912_092058.jpg","0"
"/home/james/Pictures/2015-vacation/james/20150910_151517.jpg","0"
"/home/james/Pictures/2015-vacation/james/20150911_060603.jpg","0"
"/home/james/Pictures/2015-vacation/james/20150922_012602.jpg","1"
"/home/james/Pictures/2015-vacation/james/20150912_031952(1).jpg","0"
"/home/james/Pictures/2015-vacation/james/20150912_032451.jpg","1"
"/home/james/Pictures/2015-vacation/james/20150914_051552.jpg","0"
"/home/james/Pictures/2015-vacation/james/20150912_100341.jpg","0"
"/home/james/Pictures/2015-vacation/james/20150912_125058.jpg","0"
"/home/james/Pictures/2015-vacation/james/20150913_125855.jpg","0"
"/home/james/Pictures/2015-vacation/james/20150917_052509.jpg","0"
"/home/james/Pictures/2015-vacation/james/20150911_060527.jpg","0"
"/home/james/Pictures/2015-vacation/james/19691231_191226.jpg","0"
"/home/james/Pictures/2015-vacation/james/20150922_052012.jpg","0"
"/home/james/Pictures/2015-vacation/james/20150917_045611(1).jpg","1"
"/home/james/Pictures/2015-vacation/james/20150910_064311.jpg","0"
"/home/james/Pictures/2015-vacation/james/20150921_085309.jpg","0"
"/home/james/Pictures/2015-vacation/james/20150908_102321.jpg","0"
"/home/james/Pictures/2015-vacation/james/20150912_110915.jpg","0"
"/home/james/Pictures/2015-vacation/james/20150912_085214.jpg","1"
"/home/james/Pictures/2015-vacation/james/20150910_140556.jpg","0"
"/home/james/Pictures/2015-vacation/james/20150912_033707.jpg","0"
"/home/james/Pictures/2015-vacation/james/20150911_173934.jpg","1"
"/home/james/Pictures/2015-vacation/james/20150919_030247.jpg","0"
"/home/james/Pictures/2015-vacation/james/20150912_033434.jpg","0"
"/home/james/Pictures/2015-vacation/james/20150912_115713.jpg","0"
"/home/james/Pictures/2015-vacation/james/20150916_055004.jpg","0"
"/home/james/Pictures/2015-vacation/james/20150912_092306.jpg","0"
"/home/james/Pictures/2015-vacation/james/20150908_102641.jpg","0"
"/home/james/Pictures/2015-vacation/james/20150923_013111.jpg","0"
"/home/james/Pictures/2015-vacation/james/20150910_153754.jpg","0"
"/home/james/Pictures/2015-vacation/james/20150910_161509.jpg","0"
"/home/james/Pictures/2015-vacation/james/20150912_085213.jpg","1"
"/home/james/Pictures/2015-vacation/james/20150908_102653.jpg","0"
"/home/james/Pictures/2015-vacation/james/20150913_043443(1).jpg","0"
"/home/james/Pictures/2015-vacation/james/20150922_073952.jpg","0"
"/home/james/Pictures/2015-vacation/james/20150912_082414(1).jpg","1"
"/home/james/Pictures/2015-vacation/james/20150922_024727.jpg","0"
"/home/james/Pictures/2015-vacation/james/20150909_064500(1).jpg","0"
"/home/james/Pictures/2015-vacation/james/20150908_120205.jpg","0"
"/home/james/Pictures/2015-vacation/james/20150912_102140.jpg","0"
"/home/james/Pictures/2015-vacation/james/20150924_030838.jpg","0"
"/home/james/Pictures/2015-vacation/james/20150912_094601(1).jpg","1"
"/home/james/Pictures/2015-vacation/james/20150912_113320.jpg","0"
"/home/james/Pictures/2015-vacation/james/20150911_045421.jpg","0"
"/home/james/Pictures/2015-vacation/james/20150910_163406.jpg","0"
"/home/james/Pictures/2015-vacation/james/20150910_140555.jpg","0"
"/home/james/Pictures/2015-vacation/james/20150911_070845.jpg","1"
"/home/james/Pictures/2015-vacation/james/20150915_032435.jpg","0"
"/home/james/Pictures/2015-vacation/james/20150923_011905.jpg","0"
"/home/james/Pictures/2015-vacation/james/20150918_014528.jpg","0"
"/home/james/Pictures/2015-vacation/james/20150913_094728.jpg","0"
"/home/james/Pictures/2015-vacation/james/20150922_082524.jpg","0"
"/home/james/Pictures/2015-vacation/james/20150925_145709(1).jpg","0"
"/home/james/Pictures/2015-vacation/james/20150912_090244.jpg","0"
"/home/james/Pictures/2015-vacation/james/20150913_051336.jpg","0"
"/home/james/Pictures/2015-vacation/james/20150913_093453.jpg","0"
"/home/james/Pictures/2015-vacation/james/20150909_122259.jpg","0"
"/home/james/Pictures/2015-vacation/james/20150912_085121.jpg","0"
"/home/james/Pictures/2015-vacation/james/20150912_100314.jpg","0"
"/home/james/Pictures/2015-vacation/james/20150908_090043.jpg","0"
"/home/james/Pictures/2015-vacation/james/20150910_064352.jpg","0"
"/home/james/Pictures/2015-vacation/james/20150908_090627.jpg","4"
"/home/james/Pictures/2015-vacation/james/20150912_025457.jpg","0"
"/home/james/Pictures/2015-vacation/james/20150925_135522.jpg","0"
"/home/james/Pictures/2015-vacation/james/20150912_121649.jpg","0"
"/home/james/Pictures/2015-vacation/james/20150912_081647(1).jpg","0"
"/home/james/Pictures/2015-vacation/james/20150923_085637.jpg","3"
"/home/james/Pictures/2015-vacation/james/20150923_084940.jpg","3"
"/home/james/Pictures/2015-vacation/james/20150910_130259.jpg","0"
"/home/james/Pictures/2015-vacation/james/20150910_173649(1).jpg","0"
"/home/james/Pictures/2015-vacation/james/20150912_083341.jpg","2"
"/home/james/Pictures/2015-vacation/james/20150910_173654(1).jpg","0"
"/home/james/Pictures/2015-vacation/james/20150922_025529(1).jpg","0"
"/home/james/Pictures/2015-vacation/james/20150911_055516.jpg","1"
"/home/james/Pictures/2015-vacation/james/20150912_103419.jpg","1"
"/home/james/Pictures/2015-vacation/james/20150907_132455.jpg","0"
"/home/james/Pictures/2015-vacation/james/20150912_102310.jpg","1"
"/home/james/Pictures/2015-vacation/james/20150909_122109.jpg","0"
"/home/james/Pictures/2015-vacation/james/20150912_030201.jpg","0"
"/home/james/Pictures/2015-vacation/james/20150912_121650.jpg","0"
"/home/james/Pictures/2015-vacation/james/20150917_010951.jpg","0"
"/home/james/Pictures/2015-vacation/james/20150912_090249.jpg","0"
"/home/james/Pictures/2015-vacation/james/20150912_100506.jpg","0"
"/home/james/Pictures/2015-vacation/james/20150911_050428.jpg","0"
"/home/james/Pictures/2015-vacation/james/20150914_053402.jpg","0"
"/home/james/Pictures/2015-vacation/james/20150919_042049.jpg","0"
"/home/james/Pictures/2015-vacation/james/20150908_081925.jpg","0"
"/home/james/Pictures/2015-vacation/james/20150914_044038.jpg","0"
"/home/james/Pictures/2015-vacation/james/20150911_045419.jpg","0"
"/home/james/Pictures/2015-vacation/james/20150917_043919.jpg","0"
"/home/james/Pictures/2015-vacation/james/20150908_074451.jpg","0"
"/home/james/Pictures/2015-vacation/james/20150912_084717.jpg","0"
"/home/james/Pictures/2015-vacation/james/20150912_110853.jpg","0"
"/home/james/Pictures/2015-vacation/james/20150908_073836.jpg","0"
"/home/james/Pictures/2015-vacation/james/20150911_070902.jpg","1"
"/home/james/Pictures/2015-vacation/james/20150913_155108.jpg","0"
"/home/james/Pictures/2015-vacation/james/20150919_052323.jpg","0"
"/home/james/Pictures/2015-vacation/james/20150912_130518.jpg","0"
"/home/james/Pictures/2015-vacation/james/20150910_050241.jpg","8"
"/home/james/Pictures/2015-vacation/james/20150917_050857.jpg","0"
"/home/james/Pictures/2015-vacation/james/20150912_093900.jpg","0"
"/home/james/Pictures/2015-vacation/james/20150914_051515.jpg","1"
"/home/james/Pictures/2015-vacation/james/20150908_073031.jpg","0"
"/home/james/Pictures/2015-vacation/james/20150911_055516(1).jpg","1"
"/home/james/Pictures/2015-vacation/james/20150916_080538.jpg","0"
"/home/james/Pictures/2015-vacation/james/20150914_060016.jpg","1"
"/home/james/Pictures/2015-vacation/james/20150918_050526(1).jpg","0"
"/home/james/Pictures/2015-vacation/james/20150924_051341(1).jpg","0"
"/home/james/Pictures/2015-vacation/james/20150923_044037.jpg","0"
"/home/james/Pictures/2015-vacation/james/20150916_074817.jpg","0"
"/home/james/Pictures/2015-vacation/james/20150909_064858.jpg","1"
"/home/james/Pictures/2015-vacation/james/20150918_005038.jpg","0"
"/home/james/Pictures/2015-vacation/james/20150910_163407.jpg","0"
"/home/james/Pictures/2015-vacation/james/20150914_052131.jpg","4"
"/home/james/Pictures/2015-vacation/james/20150910_153118.jpg","0"
"/home/james/Pictures/2015-vacation/james/20150923_011623.jpg","0"
"/home/james/Pictures/2015-vacation/james/20150922_022015.jpg","0"
"/home/james/Pictures/2015-vacation/james/20150925_134255.jpg","0"
"/home/james/Pictures/2015-vacation/james/20150912_030439.jpg","0"
"/home/james/Pictures/2015-vacation/james/20150910_155042.jpg","0"
"/home/james/Pictures/2015-vacation/james/20150907_111803.jpg","0"
"/home/james/Pictures/2015-vacation/james/20150912_090245.jpg","0"
"/home/james/Pictures/2015-vacation/james/20150912_031952.jpg","0"
"/home/james/Pictures/2015-vacation/james/20150923_013125.jpg","0"
"/home/james/Pictures/2015-vacation/james/20150921_085422.jpg","0"
"/home/james/Pictures/2015-vacation/james/20150912_134856(1).jpg","12"
"/home/james/Pictures/2015-vacation/james/20150912_092036.jpg","1"
"/home/james/Pictures/2015-vacation/james/20150918_040002.jpg","0"
"/home/james/Pictures/2015-vacation/james/20150914_050929.jpg","0"
"/home/james/Pictures/2015-vacation/james/20150921_103711.jpg","0"
"/home/james/Pictures/2015-vacation/james/20150910_151525.jpg","0"
"/home/james/Pictures/2015-vacation/james/20150924_040811.jpg","1"
"/home/james/Pictures/2015-vacation/james/20150918_002902.jpg","2"
"/home/james/Pictures/2015-vacation/james/20150908_123450.jpg","0"
"/home/james/Pictures/2015-vacation/james/20150910_173654.jpg","0"
"/home/james/Pictures/2015-vacation/james/20150914_044133.jpg","1"
"/home/james/Pictures/2015-vacation/james/20150914_083511.jpg","0"
"/home/james/Pictures/2015-vacation/james/20150916_073139(1).jpg","0"
"/home/james/Pictures/2015-vacation/james/20150910_120003(1).jpg","0"
"/home/james/Pictures/2015-vacation/james/20150911_071358.jpg","1"
"/home/james/Pictures/2015-vacation/james/20150909_055716.jpg","0"
"/home/james/Pictures/2015-vacation/james/20150908_072946.jpg","0"
"/home/james/Pictures/2015-vacation/james/20150908_102848.jpg","0"
"/home/james/Pictures/2015-vacation/james/20150906_121328.jpg","1"
"/home/james/Pictures/2015-vacation/james/20150912_115418.jpg","0"
"/home/james/Pictures/2015-vacation/james/20150916_013829.jpg","0"
"/home/james/Pictures/2015-vacation/james/20150910_014720.jpg","0"
"/home/james/Pictures/2015-vacation/james/20150912_124316.jpg","0"
"/home/james/Pictures/2015-vacation/james/20150912_092149.jpg","3"
"/home/james/Pictures/2015-vacation/james/20150920_050556.jpg","0"
"/home/james/Pictures/2015-vacation/james/20150920_040249.jpg","0"
"/home/james/Pictures/2015-vacation/james/20150912_093903.jpg","0"
"/home/james/Pictures/2015-vacation/james/20150917_054227.jpg","0"
"/home/james/Pictures/2015-vacation/james/20150912_025620.jpg","0"
"/home/james/Pictures/2015-vacation/james/20150908_074452.jpg","0"
"/home/james/Pictures/2015-vacation/james/19691231_190416.jpg","0"
"/home/james/Pictures/2015-vacation/james/20150909_101853.jpg","0"
"/home/james/Pictures/2015-vacation/james/20150923_014003.jpg","0"
"/home/james/Pictures/2015-vacation/james/20150908_143528.jpg","0"
"/home/james/Pictures/2015-vacation/james/20150911_045409.jpg","0"
"/home/james/Pictures/2015-vacation/james/20150917_042421.jpg","0"
"/home/james/Pictures/2015-vacation/james/20150921_095753.jpg","2"
"/home/james/Pictures/2015-vacation/james/20150912_113341.jpg","0"
"/home/james/Pictures/2015-vacation/james/20150910_173655.jpg","0"
"/home/james/Pictures/2015-vacation/james/20150912_113342.jpg","0"
"/home/james/Pictures/2015-vacation/james/20150917_034225.jpg","0"
"/home/james/Pictures/2015-vacation/james/20150917_002346.jpg","0"
"/home/james/Pictures/2015-vacation/james/20150919_054106.jpg","0"
"/home/james/Pictures/2015-vacation/james/20150913_094727.jpg","0"
"/home/james/Pictures/2015-vacation/james/20150917_045611.jpg","1"
"/home/james/Pictures/2015-vacation/james/20150912_092159.jpg","2"
"/home/james/Pictures/2015-vacation/james/20150912_025642.jpg","0"
"/home/james/Pictures/2015-vacation/james/20150908_121930.jpg","0"
"/home/james/Pictures/2015-vacation/james/20150923_111455.jpg","0"
"/home/james/Pictures/2015-vacation/james/20150908_120152.jpg","0"
"/home/james/Pictures/2015-vacation/james/20150911_042121.jpg","0"
"/home/james/Pictures/2015-vacation/james/20150922_031441.jpg","0"
"/home/james/Pictures/2015-vacation/james/20150912_033706.jpg","0"
"/home/james/Pictures/2015-vacation/james/20150908_081437.jpg","0"
"/home/james/Pictures/2015-vacation/james/20150908_065723.jpg","0"
"/home/james/Pictures/2015-vacation/james/20150913_081627.jpg","1"
"/home/james/Pictures/2015-vacation/james/20150921_015942.jpg","0"
"/home/james/Pictures/2015-vacation/james/20150912_034404.jpg","0"
"/home/james/Pictures/2015-vacation/james/20150912_090446.jpg","0"
"/home/james/Pictures/2015-vacation/james/20150911_060536.jpg","0"
"/home/james/Pictures/2015-vacation/james/20150912_034401.jpg","0"
"/home/james/Pictures/2015-vacation/james/20150912_090444.jpg","0"
"/home/james/Pictures/2015-vacation/james/20150910_160217.jpg","0"
"/home/james/Pictures/2015-vacation/james/20150913_072712.jpg","3"
"/home/james/Pictures/2015-vacation/james/20150912_090859.jpg","0"
"/home/james/Pictures/2015-vacation/james/20150908_074310.jpg","0"
"/home/james/Pictures/2015-vacation/james/20150910_162804.jpg","0"
"/home/james/Pictures/2015-vacation/james/20150908_120201.jpg","0"
"/home/james/Pictures/2015-vacation/james/20150924_023848(1).jpg","1"
"/home/james/Pictures/2015-vacation/james/20150910_162805.jpg","0"
"/home/james/Pictures/2015-vacation/james/20150912_110851.jpg","0"
"/home/james/Pictures/2015-vacation/james/20150923_043733.jpg","0"
"/home/james/Pictures/2015-vacation/james/20150912_093852.jpg","0"
"/home/james/Pictures/2015-vacation/james/20150913_092101(1).jpg","0"
"/home/james/Pictures/2015-vacation/james/20150923_053713(1).jpg","0"
"/home/james/Pictures/2015-vacation/james/20150918_093543.jpg","2"
"/home/james/Pictures/2015-vacation/james/20150916_104740.jpg","1"
"/home/james/Pictures/2015-vacation/james/20150910_171412.jpg","0"
"/home/james/Pictures/2015-vacation/james/20150918_034535.jpg","1"
"/home/james/Pictures/2015-vacation/james/20150914_053406.jpg","0"
"/home/james/Pictures/2015-vacation/james/20150919_030253.jpg","0"
"/home/james/Pictures/2015-vacation/james/20150916_000334.jpg","1"
"/home/james/Pictures/2015-vacation/james/20150922_024922.jpg","0"
"/home/james/Pictures/2015-vacation/james/20150917_051108.jpg","0"
"/home/james/Pictures/2015-vacation/james/20150913_054940.jpg","1"
"/home/james/Pictures/2015-vacation/james/20150916_075827.jpg","0"
"/home/james/Pictures/2015-vacation/james/20150909_055543.jpg","0"
"/home/james/Pictures/2015-vacation/james/20150913_054827.jpg","4"
"/home/james/Pictures/2015-vacation/james/20150921_084034(1).jpg","0"
"/home/james/Pictures/2015-vacation/james/20150918_050304.jpg","0"
"/home/james/Pictures/2015-vacation/james/20150914_051733.jpg","0"
"/home/james/Pictures/2015-vacation/james/20150909_061542.jpg","0"
"/home/james/Pictures/2015-vacation/james/20150920_013210(1).jpg","0"
"/home/james/Pictures/2015-vacation/james/20150912_094437.jpg","1"
"/home/james/Pictures/2015-vacation/james/20150917_011753.jpg","0"
"/home/james/Pictures/2015-vacation/james/20150918_093539.jpg","2"
"/home/james/Pictures/2015-vacation/james/20150917_054857.jpg","0"
"/home/james/Pictures/2015-vacation/james/20150912_082414.jpg","1"
"/home/james/Pictures/2015-vacation/james/20150922_042916.jpg","0"
"/home/james/Pictures/2015-vacation/james/20150912_101556.jpg","0"
"/home/james/Pictures/2015-vacation/james/20150917_042207.jpg","0"
"/home/james/Pictures/2015-vacation/james/20150911_070844.jpg","0"
"/home/james/Pictures/2015-vacation/james/20150923_024829.jpg","2"
"/home/james/Pictures/2015-vacation/james/20150924_092304.jpg","0"
"/home/james/Pictures/2015-vacation/james/20150914_051918.jpg","0"
"/home/james/Pictures/2015-vacation/james/20150922_073458.jpg","0"
"/home/james/Pictures/2015-vacation/james/20150912_113321.jpg","0"
"/home/james/Pictures/2015-vacation/james/20150923_014057.jpg","0"
"/home/james/Pictures/2015-vacation/james/20150910_155044.jpg","0"
"/home/james/Pictures/2015-vacation/james/20150916_003541.jpg","0"
"/home/james/Pictures/2015-vacation/james/20150912_061409.jpg","0"
"/home/james/Pictures/2015-vacation/james/20150908_121103.jpg","7"
"/home/james/Pictures/2015-vacation/james/20150922_003454.jpg","0"
"/home/james/Pictures/2015-vacation/james/20150916_080210.jpg","0"
"/home/james/Pictures/2015-vacation/james/20150912_094601.jpg","1"
"/home/james/Pictures/2015-vacation/james/20150910_163151(1).jpg","0"
"/home/james/Pictures/2015-vacation/james/20150912_124723.jpg","0"
"/home/james/Pictures/2015-vacation/james/20150917_051339.jpg","0"
"/home/james/Pictures/2015-vacation/james/20150912_115707.jpg","0"
"/home/james/Pictures/2015-vacation/james/20150906_121339.jpg","1"
"/home/james/Pictures/2015-vacation/james/20150909_101243.jpg","0"
"/home/james/Pictures/2015-vacation/james/20150913_054656.jpg","1"
"/home/james/Pictures/2015-vacation/james/20150922_003447.jpg","0"
"/home/james/Pictures/2015-vacation/james/20150910_114542.jpg","0"
"/home/james/Pictures/2015-vacation/james/20150913_112158.jpg","0"
"/home/james/Pictures/2015-vacation/james/20150912_135348.jpg","0"
"/home/james/Pictures/2015-vacation/james/20150918_082256.jpg","0"
"/home/james/Pictures/2015-vacation/james/20150916_075228.jpg","2"
"/home/james/Pictures/2015-vacation/james/20150912_132034.jpg","2"
"/home/james/Pictures/2015-vacation/james/20150913_060014.jpg","0"
"/home/james/Pictures/2015-vacation/james/20150908_102643.jpg","0"
"/home/james/Pictures/2015-vacation/james/20150914_092513.jpg","0"
"/home/james/Pictures/2015-vacation/james/20150922_021845.jpg","0"
"/home/james/Pictures/2015-vacation/james/20150912_092200(1).jpg","1"
"/home/james/Pictures/2015-vacation/james/20150922_025534.jpg","1"
"/home/james/Pictures/2015-vacation/james/20150911_064659.jpg","3"
"/home/james/Pictures/2015-vacation/james/20150910_064353.jpg","0"
"/home/james/Pictures/2015-vacation/james/20150911_074807.jpg","0"
"/home/james/Pictures/2015-vacation/james/20150909_095639.jpg","0"
"/home/james/Pictures/2015-vacation/james/20150918_050345.jpg","0"
"/home/james/Pictures/2015-vacation/james/20150914_053413.jpg","0"
"/home/james/Pictures/2015-vacation/james/20150923_064310(1).jpg","0"
"/home/james/Pictures/2015-vacation/james/20150912_025456.jpg","0"
"/home/james/Pictures/2015-vacation/james/20150912_115720.jpg","0"
"/home/james/Pictures/2015-vacation/james/20150914_070551.jpg","0"
"/home/james/Pictures/2015-vacation/james/20150921_074305.jpg","0"
"/home/james/Pictures/2015-vacation/james/20150911_064706.jpg","2"
"/home/james/Pictures/2015-vacation/james/20150908_074311.jpg","0"
"/home/james/Pictures/2015-vacation/james/20150912_061621(1).jpg","1"
"/home/james/Pictures/2015-vacation/james/20150912_024537.jpg","0"
"/home/james/Pictures/2015-vacation/james/20150911_071356.jpg","1"
"/home/james/Pictures/2015-vacation/james/20150922_022021.jpg","0"
"/home/james/Pictures/2015-vacation/james/20150916_062247.jpg","0"
"/home/james/Pictures/2015-vacation/james/20150911_060535.jpg","0"
"/home/james/Pictures/2015-vacation/james/20150919_072752.jpg","1"
"/home/james/Pictures/2015-vacation/james/20150921_034118.jpg","0"
"/home/james/Pictures/2015-vacation/james/20150910_163310.jpg","2"
"/home/james/Pictures/2015-vacation/james/20150912_133717.jpg","0"
"/home/james/Pictures/2015-vacation/james/20150921_040048.jpg","0"
"/home/james/Pictures/2015-vacation/james/20150909_122101.jpg","0"
"/home/james/Pictures/2015-vacation/james/20150922_052207.jpg","0"
"/home/james/Pictures/2015-vacation/james/20150914_053523.jpg","0"
"/home/james/Pictures/2015-vacation/james/20150910_162543(1).jpg","0"
"/home/james/Pictures/2015-vacation/james/20150912_093902.jpg","0"
"/home/james/Pictures/2015-vacation/james/20150923_105028.jpg","0"
"/home/james/Pictures/2015-vacation/james/20150912_115717.jpg","0"
"/home/james/Pictures/2015-vacation/james/20150922_025624.jpg","0"
"/home/james/Pictures/2015-vacation/james/20150924_023850.jpg","1"
"/home/james/Pictures/2015-vacation/james/20150921_032235.jpg","0"
"/home/james/Pictures/2015-vacation/james/20150924_031342(1).jpg","0"
"/home/james/Pictures/2015-vacation/james/20150916_062437(1).jpg","3"
"/home/james/Pictures/2015-vacation/james/20150917_052851.jpg","0"
"/home/james/Pictures/2015-vacation/james/20150924_092306.jpg","0"
"/home/james/Pictures/2015-vacation/james/20150918_093402.jpg","2"
"/home/james/Pictures/2015-vacation/james/20150913_110043.jpg","0"
"/home/james/Pictures/2015-vacation/james/20150912_110854.jpg","0"
"/home/james/Pictures/2015-vacation/james/20150912_061413.jpg","0"
"/home/james/Pictures/2015-vacation/james/20150908_073118.jpg","0"
"/home/james/Pictures/2015-vacation/james/20150922_031254.jpg","0"
"/home/james/Pictures/2015-vacation/james/20150913_112601.jpg","0"
"/home/james/Pictures/2015-vacation/james/20150912_130932.jpg","0"
"/home/james/Pictures/2015-vacation/james/20150916_024739.jpg","0"
"/home/james/Pictures/2015-vacation/james/20150911_173935.jpg","0"
"/home/james/Pictures/2015-vacation/james/20150909_102449.jpg","0"
"/home/james/Pictures/2015-vacation/james/20150907_132406.jpg","0"
"/home/james/Pictures/2015-vacation/james/20150909_055535.jpg","0"
"/home/james/Pictures/2015-vacation/james/20150914_051553.jpg","0"
"/home/james/Pictures/2015-vacation/james/20150910_172005.jpg","0"
"/home/james/Pictures/2015-vacation/james/20150922_032441.jpg","0"
"/home/james/Pictures/2015-vacation/james/20150912_061424.jpg","0"
"/home/james/Pictures/2015-vacation/james/20150923_110118.jpg","7"
"/home/james/Pictures/2015-vacation/james/20150908_120141.jpg","0"
"/home/james/Pictures/2015-vacation/james/20150912_102252.jpg","1"
"/home/james/Pictures/2015-vacation/james/20150912_102251.jpg","1"
"/home/james/Pictures/2015-vacation/james/20150914_054241.jpg","0"
"/home/james/Pictures/2015-vacation/james/20150912_094126.jpg","0"
"/home/james/Pictures/2015-vacation/james/20150908_121533.jpg","0"
"/home/james/Pictures/2015-vacation/james/20150923_014058.jpg","0"
"/home/james/Pictures/2015-vacation/james/20150910_050240.jpg","7"
"/home/james/Pictures/2015-vacation/james/20150922_031245.jpg","0"
"/home/james/Pictures/2015-vacation/james/20150911_060604.jpg","0"
"/home/james/Pictures/2015-vacation/james/20150912_033433.jpg","0"
"/home/james/Pictures/2015-vacation/james/20150918_082441.jpg","0"
"/home/james/Pictures/2015-vacation/james/20150908_100302.jpg","3"
"/home/james/Pictures/2015-vacation/james/20150910_171405.jpg","0"
"/home/james/Pictures/2015-vacation/james/20150910_173127.jpg","0"
"/home/james/Pictures/2015-vacation/james/20150912_103434.jpg","1"
"/home/james/Pictures/2015-vacation/james/20150911_173933.jpg","2"
"/home/james/Pictures/2015-vacation/james/20150919_062925.jpg","0"
"/home/james/Pictures/2015-vacation/james/20150912_090249(1).jpg","0"
"/home/james/Pictures/2015-vacation/james/20150914_063105.jpg","0"
"/home/james/Pictures/2015-vacation/james/20150907_170552.jpg","0"
"/home/james/Pictures/2015-vacation/james/20150921_095204(1).jpg","2"
"/home/james/Pictures/2015-vacation/james/20150912_061414.jpg","0"
"/home/james/Pictures/2015-vacation/james/20150908_075121.jpg","0"
"/home/james/Pictures/2015-vacation/james/20150908_120535.jpg","7"
"/home/james/Pictures/2015-vacation/james/20150916_062438.jpg","1"
"/home/james/Pictures/2015-vacation/james/20150912_110850.jpg","0"
"/home/james/Pictures/2015-vacation/james/20150914_063230.jpg","0"
"/home/james/Pictures/2015-vacation/james/20150908_074325.jpg","0"
"/home/james/Pictures/2015-vacation/james/20150913_051757.jpg","0"
"/home/james/Pictures/2015-vacation/james/20150913_113747.jpg","3"
"/home/james/Pictures/2015-vacation/james/20150913_094849.jpg","2"
"/home/james/Pictures/2015-vacation/james/20150912_084713.jpg","0"
"/home/james/Pictures/2015-vacation/james/20150910_163300.jpg","1"
"/home/james/Pictures/2015-vacation/james/20150907_123453(1).jpg","0"
"/home/james/Pictures/2015-vacation/james/20150912_094125.jpg","0"
"/home/james/Pictures/2015-vacation/james/20150922_032239.jpg","0"
"/home/james/Pictures/2015-vacation/james/20150912_090439.jpg","0"
"/home/james/Pictures/2015-vacation/james/20150912_032155.jpg","1"
"/home/james/Pictures/2015-vacation/james/20150919_002201.jpg","0"
"/home/james/Pictures/2015-vacation/james/20150909_064236.jpg","0"
"/home/james/Pictures/2015-vacation/james/20150911_064700.jpg","3"
"/home/james/Pictures/2015-vacation/james/20150912_090241(1).jpg","0"
"/home/james/Pictures/2015-vacation/james/20150911_060330.jpg","0"
"/home/james/Pictures/2015-vacation/james/20150909_064854.jpg","0"
"/home/james/Pictures/2015-vacation/james/20150907_132417.jpg","0"
"/home/james/Pictures/2015-vacation/james/20150923_014110.jpg","0"
"/home/james/Pictures/2015-vacation/james/20150921_025355.jpg","0"
"/home/james/Pictures/2015-vacation/james/20150922_052600.jpg","0"
"/home/james/Pictures/2015-vacation/james/20150922_073453.jpg","0"
"/home/james/Pictures/2015-vacation/james/20150912_032144.jpg","3"
"/home/james/Pictures/2015-vacation/james/20150910_171404.jpg","0"
"/home/james/Pictures/2015-vacation/james/20150922_074215.jpg","0"
"/home/james/Pictures/2015-vacation/james/20150909_101919.jpg","0"
"/home/james/Pictures/2015-vacation/james/20150909_115714.jpg","0"
"/home/james/Pictures/2015-vacation/james/20150916_231856.jpg","0"
"/home/james/Pictures/2015-vacation/james/20150912_081640.jpg","0"
"/home/james/Pictures/2015-vacation/james/20150913_044439(1).jpg","0"
"/home/james/Pictures/2015-vacation/james/20150911_173946.jpg","0"
"/home/james/Pictures/2015-vacation/james/20150912_110517.jpg","0"
"/home/james/Pictures/2015-vacation/james/20150907_125709.jpg","0"
"/home/james/Pictures/2015-vacation/james/20150922_001341.jpg","1"
"/home/james/Pictures/2015-vacation/james/20150911_074809.jpg","0"
"/home/james/Pictures/2015-vacation/james/20150914_050832.jpg","0"
"/home/james/Pictures/2015-vacation/james/20150908_121929.jpg","0"
"/home/james/Pictures/2015-vacation/james/20150910_175709.jpg","0"
"/home/james/Pictures/2015-vacation/james/20150914_043847.jpg","4"
"/home/james/Pictures/2015-vacation/james/20150914_044037.jpg","0"
"/home/james/Pictures/2015-vacation/james/20150913_113452.jpg","1"
"/home/james/Pictures/2015-vacation/james/20150908_092122.jpg","3"
"/home/james/Pictures/2015-vacation/james/20150922_001415.jpg","1"
"/home/james/Pictures/2015-vacation/james/20150921_092340.jpg","4"
"/home/james/Pictures/2015-vacation/james/20150909_064237.jpg","0"
"/home/james/Pictures/2015-vacation/james/20150912_113438.jpg","0"
"/home/james/Pictures/2015-vacation/james/20150914_053631.jpg","0"
"/home/james/Pictures/2015-vacation/james/20150921_095248.jpg","3"
"/home/james/Pictures/2015-vacation/james/20150912_101526.jpg","0"
"/home/james/Pictures/2015-vacation/james/20150912_032154.jpg","1"
"/home/james/Pictures/2015-vacation/james/20150912_044331.jpg","0"
"/home/james/Pictures/2015-vacation/james/20150924_104540.jpg","0"
"/home/james/Pictures/2015-vacation/james/20150924_024752.jpg","0"
"/home/james/Pictures/2015-vacation/james/20150922_074320.jpg","0"
"/home/james/Pictures/2015-vacation/james/20150916_223927.jpg","0"
"/home/james/Pictures/2015-vacation/james/20150909_061557.jpg","0"
"/home/james/Pictures/2015-vacation/james/20150912_084834.jpg","1"
"/home/james/Pictures/2015-vacation/james/20150912_024538.jpg","0"
"/home/james/Pictures/2015-vacation/james/20150922_025910.jpg","0"
"/home/james/Pictures/2015-vacation/james/20150909_121800.jpg","0"
"/home/james/Pictures/2015-vacation/james/20150919_101401.jpg","3"
"/home/james/Pictures/2015-vacation/james/20150921_015928.jpg","0"
"/home/james/Pictures/2015-vacation/james/20150909_103320.jpg","0"
"/home/james/Pictures/2015-vacation/james/20150912_090440.jpg","0"
"/home/james/Pictures/2015-vacation/james/20150916_041941.jpg","0"
"/home/james/Pictures/2015-vacation/james/20150916_024724.jpg","0"
"/home/james/Pictures/2015-vacation/james/20150910_124620.jpg","0"
"/home/james/Pictures/2015-vacation/james/20150917_011759.jpg","1"
"/home/james/Pictures/2015-vacation/james/20150924_051337.jpg","0"
"/home/james/Pictures/2015-vacation/james/20150922_021437.jpg","0"
"/home/james/Pictures/2015-vacation/james/20150912_113437.jpg","0"
"/home/james/Pictures/2015-vacation/james/20150923_013122.jpg","0"
"/home/james/Pictures/2015-vacation/james/20150923_024951.jpg","0"
"/home/james/Pictures/2015-vacation/james/20150912_100342.jpg","0"
"/home/james/Pictures/2015-vacation/james/20150917_051337.jpg","0"
"/home/james/Pictures/2015-vacation/james/20150921_092346.jpg","2"
"/home/james/Pictures/2015-vacation/james/20150907_130723.jpg","0"
"/home/james/Pictures/2015-vacation/james/20150922_005643.jpg","0"
"/home/james/Pictures/2015-vacation/james/20150908_093830.jpg","0"
"/home/james/Pictures/2015-vacation/james/20150923_014027.jpg","0"
"/home/james/Pictures/2015-vacation/james/20150911_170346.jpg","0"
"/home/james/Pictures/2015-vacation/james/20150907_132454.jpg","0"
"/home/james/Pictures/2015-vacation/james/20150912_115828.jpg","0"
"/home/james/Pictures/2015-vacation/james/20150910_162543.jpg","0"
"/home/james/Pictures/2015-vacation/james/20150921_084754.jpg","2"
"/home/james/Pictures/2015-vacation/james/20150909_061602.jpg","0"
"/home/james/Pictures/2015-vacation/james/20150925_134502.jpg","0"
"/home/james/Pictures/2015-vacation/james/20150911_070814.jpg","0"
"/home/james/Pictures/2015-vacation/james/20150911_070901.jpg","1"
"/home/james/Pictures/2015-vacation/james/20150912_115815.jpg","0"
"/home/james/Pictures/2015-vacation/james/20150914_074902.jpg","0"
"/home/james/Pictures/2015-vacation/james/20150912_084822.jpg","0"
"/home/james/Pictures/2015-vacation/james/20150924_035055.jpg","0"
"/home/james/Pictures/2015-vacation/james/20150912_041710.jpg","0"
"/home/james/Pictures/2015-vacation/james/20150917_224017.jpg","0"
"/home/james/Pictures/2015-vacation/james/20150910_163313.jpg","2"
"/home/james/Pictures/2015-vacation/james/20150910_162749.jpg","1"
"/home/james/Pictures/2015-vacation/james/20150907_130722.jpg","0"
"/home/james/Pictures/2015-vacation/james/20150908_102858.jpg","0"
"/home/james/Pictures/2015-vacation/james/20150908_075346.jpg","0"
"/home/james/Pictures/2015-vacation/james/20150919_115342.jpg","3"
"/home/james/Pictures/2015-vacation/james/20150922_052126.jpg","0"
"/home/james/Pictures/2015-vacation/james/20150918_034251.jpg","1"
"/home/james/Pictures/2015-vacation/james/20150918_084801(1).jpg","0"
"/home/james/Pictures/2015-vacation/james/20150919_115344.jpg","3"
"/home/james/Pictures/2015-vacation/james/20150912_093901.jpg","0"
"/home/james/Pictures/2015-vacation/james/20150920_085622.jpg","0"
"/home/james/Pictures/2015-vacation/james/20150912_083452.jpg","0"
"/home/james/Pictures/2015-vacation/james/20150923_054248.jpg","0"
"/home/james/Pictures/2015-vacation/james/20150909_061558.jpg","0"
"/home/james/Pictures/2015-vacation/james/20150911_154443.jpg","0"
"/home/james/Pictures/2015-vacation/james/20150908_071846.jpg","0"
"/home/james/Pictures/2015-vacation/james/20150908_090520.jpg","0"
"/home/james/Pictures/2015-vacation/james/20150908_090722.jpg","0"
"/home/james/Pictures/2015-vacation/james/20150916_075453.jpg","0"
"/home/james/Pictures/2015-vacation/james/20150909_101153.jpg","0"
"/home/james/Pictures/2015-vacation/james/19691231_191429.jpg","0"
"/home/james/Pictures/2015-vacation/james/20150925_144844.jpg","0"
"/home/james/Pictures/2015-vacation/james/20150912_085246.jpg","0"
"/home/james/Pictures/2015-vacation/james/20150914_060356(1).jpg","2"
"/home/james/Pictures/2015-vacation/james/20150912_024954.jpg","3"
"/home/james/Pictures/2015-vacation/james/20150911_060532.jpg","0"
"/home/james/Pictures/2015-vacation/james/20150909_055555.jpg","0"
"/home/james/Pictures/2015-vacation/james/20150908_102318.jpg","0"
"/home/james/Pictures/2015-vacation/james/20150913_125839.jpg","0"
"/home/james/Pictures/2015-vacation/james/20150910_163256.jpg","1"
"/home/james/Pictures/2015-vacation/james/20150925_144838.jpg","0"
"/home/james/Pictures/2015-vacation/james/20150921_085243(1).jpg","0"
"/home/james/Pictures/2015-vacation/james/20150908_081448.jpg","0"
"/home/james/Pictures/2015-vacation/james/20150912_092101.jpg","0"
"/home/james/Pictures/2015-vacation/james/20150917_052904.jpg","0"
"/home/james/Pictures/2015-vacation/james/20150911_042119.jpg","1"
"/home/james/Pictures/2015-vacation/james/20150917_045751.jpg","0"
"/home/james/Pictures/2015-vacation/james/20150911_045441.jpg","1"
"/home/james/Pictures/2015-vacation/james/20150912_100507.jpg","0"
"/home/james/Pictures/2015-vacation/james/20150909_101147.jpg","0"
"/home/james/Pictures/2015-vacation/james/20150912_062134.jpg","0"
"/home/james/Pictures/2015-vacation/james/20150921_025526.jpg","0"
"/home/james/Pictures/2015-vacation/james/20150912_093808(1).jpg","0"
"/home/james/Pictures/2015-vacation/james/20150912_081641.jpg","0"
"/home/james/Pictures/2015-vacation/james/20150909_065239.jpg","0"
"/home/james/Pictures/2015-vacation/james/20150914_055757.jpg","0"
"/home/james/Pictures/2015-vacation/james/20150923_011555.jpg","0"
"/home/james/Pictures/2015-vacation/james/20150908_085045.jpg","0"
"/home/james/Pictures/2015-vacation/james/20150912_115827.jpg","0"
"/home/james/Pictures/2015-vacation/james/20150909_123356.jpg","0"
"/home/james/Pictures/2015-vacation/james/20150907_123454.jpg","0"
"/home/james/Pictures/2015-vacation/james/20150923_012037.jpg","1"
"/home/james/Pictures/2015-vacation/james/20150912_085122.jpg","0"
"/home/james/Pictures/2015-vacation/james/20150912_092404.jpg","1"
"/home/james/Pictures/2015-vacation/james/20150918_082653.jpg","0"
"/home/james/Pictures/2015-vacation/james/20150913_092105(1).jpg","0"
"/home/james/Pictures/2015-vacation/james/20150918_083224.jpg","0"
"/home/james/Pictures/2015-vacation/james/20150914_044119.jpg","0"
"/home/james/Pictures/2015-vacation/james/20150912_131021.jpg","0"
"/home/james/Pictures/2015-vacation/james/20150909_115715.jpg","0"
"/home/james/Pictures/2015-vacation/james/20150912_113309.jpg","0"
"/home/james/Pictures/2015-vacation/james/20150921_032404.jpg","4"
"/home/james/Pictures/2015-vacation/james/20150919_054450.jpg","3"
"/home/james/Pictures/2015-vacation/james/20150919_101359.jpg","3"
"/home/james/Pictures/2015-vacation/james/20150923_093829.jpg","0"
"/home/james/Pictures/2015-vacation/james/20150912_094132.jpg","0"
"/home/james/Pictures/2015-vacation/james/20150923_010825.jpg","0"
"/home/james/Pictures/2015-vacation/james/20150909_120535.jpg","0"
"/home/james/Pictures/2015-vacation/james/20150912_121648.jpg","0"
"/home/james/Pictures/2015-vacation/james/20150918_040203.jpg","0"
"/home/james/Pictures/2015-vacation/james/20150922_025009.jpg","0"
"/home/james/Pictures/2015-vacation/james/20150910_044637.jpg","0"
"/home/james/Pictures/2015-vacation/james/20150908_064758.jpg","0"
"/home/james/Pictures/2015-vacation/james/20150909_095730.jpg","0"
"/home/james/Pictures/2015-vacation/james/20150912_092059.jpg","0"
"/home/james/Pictures/2015-vacation/james/20150912_083448.jpg","0"
"/home/james/Pictures/2015-vacation/james/20150909_061505.jpg","0"
"/home/james/Pictures/2015-vacation/james/20150910_153256.jpg","0"
"/home/james/Pictures/2015-vacation/james/20150912_113323.jpg","0"
"/home/james/Pictures/2015-vacation/james/20150917_045729.jpg","0"
"/home/james/Pictures/2015-vacation/james/20150921_042643.jpg","0"
"/home/james/Pictures/2015-vacation/james/20150908_100253.jpg","3"
"/home/james/Pictures/2015-vacation/james/20150912_081651.jpg","0"
"/home/james/Pictures/2015-vacation/james/20150922_094305.jpg","0"
"/home/james/Pictures/2015-vacation/james/20150912_115816.jpg","0"
"/home/james/Pictures/2015-vacation/james/20150908_090519.jpg","0"
"/home/james/Pictures/2015-vacation/james/20150917_180729.jpg","0"
"/home/james/Pictures/2015-vacation/james/20150918_051055.jpg","0"
"/home/james/Pictures/2015-vacation/james/20150921_103424.jpg","0"
"/home/james/Pictures/2015-vacation/james/20150910_124459.jpg","0"
"/home/james/Pictures/2015-vacation/james/20150912_100313.jpg","0"
"/home/james/Pictures/2015-vacation/james/20150923_010940.jpg","0"
"/home/james/Pictures/2015-vacation/james/20150918_083225.jpg","0"
"/home/james/Pictures/2015-vacation/james/20150912_082412.jpg","2"
"/home/james/Pictures/2015-vacation/james/20150909_101355.jpg","0"
"/home/james/Pictures/2015-vacation/james/20150916_075825.jpg","0"
"/home/james/Pictures/2015-vacation/james/20150911_064701.jpg","3"
"/home/james/Pictures/2015-vacation/james/20150923_013756.jpg","0"
"/home/james/Pictures/2015-vacation/james/20150921_072203(1).jpg","0"
"/home/james/Pictures/2015-vacation/james/20150917_051058.jpg","2"
"/home/james/Pictures/2015-vacation/james/20150912_061410.jpg","0"
"/home/james/Pictures/2015-vacation/james/20150919_115021.jpg","0"
"/home/james/Pictures/2015-vacation/james/20150918_051025.jpg","0"
"/home/james/Pictures/2015-vacation/james/20150920_080148.jpg","0"
"/home/james/Pictures/2015-vacation/james/20150916_074608.jpg","0"
"/home/james/Pictures/2015-vacation/james/20150907_130923.jpg","0"
"/home/james/Pictures/2015-vacation/james/20150918_082840.jpg","1"
"/home/james/Pictures/2015-vacation/james/20150912_024947.jpg","2"
"/home/james/Pictures/2015-vacation/james/20150919_030340.jpg","0"
"/home/james/Pictures/2015-vacation/james/20150921_035234.jpg","0"
"/home/james/Pictures/2015-vacation/james/20150907_111801.jpg","0"
"/home/james/Pictures/2015-vacation/james/20150913_044634.jpg","0"
"/home/james/Pictures/2015-vacation/james/20150918_084554.jpg","0"
"/home/james/Pictures/2015-vacation/james/20150913_051833.jpg","0"
"/home/james/Pictures/2015-vacation/james/20150914_051602.jpg","0"
"/home/james/Pictures/2015-vacation/james/20150924_030214(1).jpg","0"
"/home/james/Pictures/2015-vacation/james/20150917_052600(1).jpg","0"
"/home/james/Pictures/2015-vacation/james/20150907_125710.jpg","0"
"/home/james/Pictures/2015-vacation/james/20150907_170558(1).jpg","0"
"/home/james/Pictures/2015-vacation/james/20150910_060827.jpg","0"
"/home/james/Pictures/2015-vacation/james/20150921_032403.jpg","3"
"/home/james/Pictures/2015-vacation/james/20150913_104804.jpg","0"
"/home/james/Pictures/2015-vacation/james/20150920_083629.jpg","0"
"/home/james/Pictures/2015-vacation/james/20150912_110521.jpg","0"
"/home/james/Pictures/2015-vacation/james/20150910_153548.jpg","0"
"/home/james/Pictures/2015-vacation/james/20150922_025735(1).jpg","0"
"/home/james/Pictures/2015-vacation/james/20150912_025621.jpg","0"
"/home/james/Pictures/2015-vacation/james/20150910_163303.jpg","1"
"/home/james/Pictures/2015-vacation/james/20150920_044305.jpg","0"
"/home/james/Pictures/2015-vacation/james/20150922_031256.jpg","0"
"/home/james/Pictures/2015-vacation/james/20150912_025643.jpg","0"
"/home/james/Pictures/2015-vacation/james/20150908_081709.jpg","0"
"/home/james/Pictures/2015-vacation/james/20150912_032452.jpg","0"
"/home/james/Pictures/2015-vacation/james/20150921_031640.jpg","0"
"/home/james/Pictures/2015-vacation/james/20150919_062921.jpg","0"
"/home/james/Pictures/2015-vacation/james/20150910_173126.jpg","0"
"/home/james/Pictures/2015-vacation/james/20150908_120542.jpg","2"
"/home/james/Pictures/2015-vacation/james/20150925_151051.jpg","0"
"/home/james/Pictures/2015-vacation/james/20150908_081822.jpg","0"
"/home/james/Pictures/2015-vacation/james/20150912_092035.jpg","3"
"/home/james/Pictures/2015-vacation/james/20150923_113933.jpg","0"
"/home/james/Pictures/2015-vacation/james/20150916_100555(1).jpg","0"
"/home/james/Pictures/2015-vacation/james/20150914_084104.jpg","0"
"/home/james/Pictures/2015-vacation/james/20150912_124632.jpg","1"
"/home/james/Pictures/2015-vacation/james/20150922_093339.jpg","0"
"/home/james/Pictures/2015-vacation/james/20150912_092306(1).jpg","0"
"/home/james/Pictures/2015-vacation/james/20150912_124448.jpg","19"
"/home/james/Pictures/2015-vacation/james/20150910_153559.jpg","0"
"/home/james/Pictures/2015-vacation/james/20150922_032240.jpg","0"
"/home/james/Pictures/2015-vacation/james/20150923_014026.jpg","0"
"/home/james/Pictures/2015-vacation/james/20150911_070816.jpg","0"
"/home/james/Pictures/2015-vacation/james/20150912_100315.jpg","0"
"/home/james/Pictures/2015-vacation/james/20150908_075403.jpg","0"
"/home/james/Pictures/2015-vacation/james/20150911_170345.jpg","0"
"/home/james/Pictures/2015-vacation/james/20150921_053442.jpg","0"
"/home/james/Pictures/2015-vacation/james/20150910_153236.jpg","0"
"/home/james/Pictures/2015-vacation/james/20150908_071349.jpg","0"
"/home/james/Pictures/2015-vacation/james/20150912_115708.jpg","0"
"/home/james/Pictures/2015-vacation/james/20150922_031253.jpg","0"
"/home/james/Pictures/2015-vacation/james/20150917_010903.jpg","0"
"/home/james/Pictures/2015-vacation/james/20150908_101555.jpg","0"
"/home/james/Pictures/2015-vacation/james/20150916_080300.jpg","0"
"/home/james/Pictures/2015-vacation/james/20150913_092947.jpg","2"
"/home/james/Pictures/2015-vacation/james/20150912_110513.jpg","0"
"/home/james/Pictures/2015-vacation/james/20150908_092123.jpg","1"
"/home/james/Pictures/2015-vacation/james/20150912_092200.jpg","1"
"/home/james/Pictures/2015-vacation/james/20150908_090529.jpg","0"
"/home/james/Pictures/2015-vacation/james/20150912_041639.jpg","0"
"/home/james/Pictures/2015-vacation/james/20150912_124458.jpg","8"
"/home/james/Pictures/2015-vacation/james/20150922_012603.jpg","1"
"/home/james/Pictures/2015-vacation/james/20150911_070823.jpg","0"
"/home/james/Pictures/2015-vacation/james/20150910_151517(1).jpg","0"
"/home/james/Pictures/2015-vacation/james/20150912_115417.jpg","2"
"/home/james/Pictures/2015-vacation/james/20150916_063851.jpg","0"
"/home/james/Pictures/2015-vacation/james/20150910_124455.jpg","0"
"/home/james/Pictures/2015-vacation/james/20150919_030535(1).jpg","1"
"/home/james/Pictures/2015-vacation/james/20150916_082523.jpg","1"
"/home/james/Pictures/2015-vacation/james/20150924_031326(1).jpg","0"
"/home/james/Pictures/2015-vacation/james/20150912_033036.jpg","0"
"/home/james/Pictures/2015-vacation/james/20150912_093808.jpg","1"
"/home/james/Pictures/2015-vacation/james/20150914_074909.jpg","1"
"/home/james/Pictures/2015-vacation/james/20150911_074808.jpg","0"
"/home/james/Pictures/2015-vacation/james/20150912_113307.jpg","0"
"/home/james/Pictures/2015-vacation/james/20150912_032151.jpg","2"
"/home/james/Pictures/2015-vacation/james/20150917_084014.jpg","0"
"/home/james/Pictures/2015-vacation/james/20150918_034540.jpg","1"
"/home/james/Pictures/2015-vacation/james/20150908_101528.jpg","0"
"/home/james/Pictures/2015-vacation/james/20150910_163257.jpg","1"
"/home/james/Pictures/2015-vacation/james/20150909_095724.jpg","0"
"/home/james/Pictures/2015-vacation/james/20150907_123453.jpg","0"
"/home/james/Pictures/2015-vacation/james/20150921_085602.jpg","0"
"/home/james/Pictures/2015-vacation/james/20150908_043118.jpg","0"
"/home/james/Pictures/2015-vacation/james/20150910_155113.jpg","0"
"/home/james/Pictures/2015-vacation/james/20150912_102248.jpg","1"
"/home/james/Pictures/2015-vacation/james/20150908_121107.jpg","7"
"/home/james/Pictures/2015-vacation/james/20150919_090304.jpg","0"
"/home/james/Pictures/2015-vacation/james/20150915_054212.jpg","0"
"/home/james/Pictures/2015-vacation/james/20150914_052237.jpg","3"
"/home/james/Pictures/2015-vacation/james/20150912_084824.jpg","1"
"/home/james/Pictures/2015-vacation/james/20150912_092101(1).jpg","0"
"/home/james/Pictures/2015-vacation/james/20150908_102317.jpg","0"
"/home/james/Pictures/2015-vacation/james/20150923_011900.jpg","0"
"/home/james/Pictures/2015-vacation/james/20150909_061432.jpg","0"
"/home/james/Pictures/2015-vacation/james/20150922_064039.jpg","0"
"/home/james/Pictures/2015-vacation/james/20150923_105334.jpg","0"
"/home/james/Pictures/2015-vacation/james/20150910_173652.jpg","0"
"/home/james/Pictures/2015-vacation/james/20150908_081917.jpg","0"
"/home/james/Pictures/2015-vacation/james/20150909_101507.jpg","0"
"/home/james/Pictures/2015-vacation/james/20150914_163412.jpg","0"
"/home/james/Pictures/2015-vacation/james/20150913_051422.jpg","0"
"/home/james/Pictures/2015-vacation/james/20150920_084117.jpg","0"
"/home/james/Pictures/2015-vacation/james/20150921_034714.jpg","0"
"/home/james/Pictures/2015-vacation/james/20150917_043536.jpg","0"
"/home/james/Pictures/2015-vacation/james/20150922_025620.jpg","0"
"/home/james/Pictures/2015-vacation/james/20150910_162542.jpg","0"
"/home/james/Pictures/2015-vacation/james/20150909_103043.jpg","0"
"/home/james/Pictures/2015-vacation/james/20150912_061911.jpg","5"
"/home/james/Pictures/2015-vacation/james/20150910_173649.jpg","0"
"/home/james/Pictures/2015-vacation/james/20150910_153250.jpg","0"
"/home/james/Pictures/2015-vacation/james/20150910_153157.jpg","0"
"/home/james/Pictures/2015-vacation/james/20150912_115416.jpg","2"
"/home/james/Pictures/2015-vacation/james/20150909_103030.jpg","0"
"/home/james/Pictures/2015-vacation/james/20150921_095801.jpg","1"
"/home/james/Pictures/2015-vacation/james/20150911_170345(1).jpg","0"
"/home/james/Pictures/2015-vacation/james/20150908_102853.jpg","0"
"/home/james/Pictures/2015-vacation/james/20150912_100514(1).jpg","0"
"/home/james/Pictures/2015-vacation/james/20150910_153700.jpg","0"
"/home/james/Pictures/2015-vacation/james/20150911_173944.jpg","0"
"/home/james/Pictures/2015-vacation/james/20150925_014657(1).jpg","0"
"/home/james/Pictures/2015-vacation/james/20150908_075413.jpg","0"
"/home/james/Pictures/2015-vacation/james/20150921_105641.jpg","0"
"/home/james/Pictures/2015-vacation/james/20150908_121102.jpg","7"
"/home/james/Pictures/2015-vacation/james/20150924_031017.jpg","0"
"/home/james/Pictures/2015-vacation/james/20150914_035143.jpg","2"
"/home/james/Pictures/2015-vacation/james/20150918_093357.jpg","2"
"/home/james/Pictures/2015-vacation/james/20150912_130111.jpg","1"
"/home/james/Pictures/2015-vacation/james/20150911_054857.jpg","4"
"/home/james/Pictures/2015-vacation/james/20150914_043630.jpg","2"
"/home/james/Pictures/2015-vacation/james/20150914_051901.jpg","0"
"/home/james/Pictures/2015-vacation/james/20150921_074153.jpg","0"
